time,smoothed_power
4.368810735400075e-07,6.093090570664887
0.00999043705565228,12.405339789164632
0.01998043723023102,18.13300157826327
0.029970437404806205,23.647531029914425
0.039960437579384944,28.287653000690753
0.04995043775396368,32.593323153106226
0.05994043792854242,36.57433528978215
0.06993043810311761,40.410740338942446
0.07992043827769635,43.2323476159914
0.08991043845227509,46.08269673880299
0.09990043862685027,48.45832624211539
0.10989043880142901,50.419782305240254
0.11988043897600775,52.27505043614781
0.12987043915058294,53.664703192217964
0.13986043932516168,54.6390662082211
0.14985043949974042,55.656202049129476
0.15984043967431916,56.67170661591383
0.16983043984889434,57.764702793034516
0.17982044002347308,58.624464154499954
0.18981044019805182,59.610497415104966
0.199800440372627,60.67132550818074
0.20979044054720575,62.0376481813034
0.2197804407217845,62.83222182969129
0.22977044089635967,63.03172950019535
0.2397604410709384,63.40490222423524
0.24975044124551715,63.964252063717566
0.2597404414200959,63.51337428878172
0.2697304415946711,63.258226012684084
0.2797204417692498,62.99365927248866
0.28971044194382856,62.44624831457879
0.29970044211840374,62.360853709619626
0.3096904422929825,62.3883670192264
0.3196804424675612,62.34622037833904
0.3296704426421364,61.954923949284904
0.33966044281671515,61.33311411707165
0.3496504429912939,61.12812405094409
0.3596404431658726,61.1360373455944
0.3696304433404478,60.93006448330384
0.37962044351502655,60.335652230171675
0.3896104436896053,59.90017347672789
0.3996004438641805,59.438935081235634
0.4095904440387592,59.58642550812574
0.41958044421333796,59.36119738513371
0.4295704443879167,59.03184580141962
0.4395604445624919,58.32939585066263
0.4495504447370706,57.60529967479497
0.45954044491164936,57.286608317865785
0.46953044508622455,56.52158973542244
0.4795204452608033,56.01438241020864
0.489510445435382,56.26498349441325
0.4995004456099572,55.718788171743896
0.509490445784536,55.779370499312115
0.5194804459591147,55.902564758851184
0.5294704461336934,56.22153939959491
0.5394604463082686,56.16341751229867
0.5494504464828474,56.821199936818296
0.5594404466574261,56.71969792978558
0.5694304468320013,56.98418213957718
0.57942044700658,56.81532504973939
0.5894104471811588,56.43551761012616
0.599400447355734,55.964675357850965
0.6093904475303127,55.50824381200665
0.6193804477048914,55.21268568996974
0.6293704478794702,54.762213989333425
0.6393604480540453,54.56208684992229
0.6493504482286241,54.71095184472297
0.6593404484032028,54.511501676091854
0.669330448577778,53.96996611001689
0.6793204487523568,54.272956039314195
0.6893104489269355,54.32848682303249
0.6993004491015107,54.89566120935443
0.7092904492760894,55.29345136916032
0.7192804494506682,55.3243416915502
0.7292704496252469,55.686852125724506
0.7392604497998221,55.81550993777974
0.7492504499744008,55.736520110336336
0.7592404501489796,55.29255233948962
0.7692304503235547,54.765990677468885
0.7792204504981335,54.547414987093276
0.7892104506727122,54.430489759897696
0.7992004508472874,53.63790279214839
0.8091904510218662,53.415830467820626
0.8191804511964449,53.0512557627534
0.8291704513710236,52.46318790205032
0.8391604515455988,51.70432312158041
0.8491504517201776,51.299175955219006
0.8591404518947563,50.323010471364604
0.8691304520693315,49.70892939316779
0.8791204522439102,49.2446408229141
0.889110452418489,49.53493489867861
0.8991004525930641,50.21853291425336
0.9090904527676429,50.19641382650019
0.9190804529422216,50.11299292366441
0.9290704531168004,49.88567180538772
0.9390604532913756,49.58741513817865
0.9490504534659543,49.61284275964741
0.959040453640533,49.49191406567931
0.9690304538151082,49.32245281355966
0.979020453989687,49.80010352233276
0.9890104541642657,49.91508623408742
0.9990004543388409,49.67225664566755
1.0089904545134196,49.77151770898459
1.0189804546879984,49.97818608649604
1.028970454862577,50.069267171359336
1.0389604550371523,50.09417700698916
1.048950455211731,50.016432044590424
1.0589404553863098,50.41494095523285
1.068930455560885,50.64247178751626
1.0789204557354637,50.74658588003595
1.0889104559100424,50.864018847382376
1.0989004560846176,51.42851270431977
1.1088904562591964,51.88890333560938
1.118880456433775,52.636979272342145
1.1288704566083538,54.19969810283921
1.138860456782929,55.48381812620551
1.1488504569575078,56.623826869694334
1.1588404571320865,57.51558765704135
1.1688304573066617,58.79297618306283
1.1788204574812404,59.98078294496067
1.1888104576558192,61.219799613016505
1.1988004578303944,62.01282367163567
1.208790458004973,62.86193061118179
1.2187804581795518,63.68960618138006
1.2287704583541306,64.57700230644711
1.2387604585287058,65.07079591356275
1.2487504587032845,65.57200675537764
1.2587404588778632,66.42957216465403
1.2687304590524384,66.7462659586777
1.2787204592270172,67.43406154401387
1.288710459401596,67.86731010696276
1.2987004595761746,67.80375279794697
1.3086904597507498,67.583033362188
1.3186804599253286,68.40994284929153
1.3286704600999073,68.5094421305189
1.3386604602744825,68.5225417572506
1.3486504604490612,69.13425660248512
1.35864046062364,69.10612652536483
1.3686304607982152,68.78916133203388
1.378620460972794,69.64059334187887
1.3886104611473726,69.45014867092
1.3986004613219514,70.19027974004936
1.4085904614965266,70.05270413072294
1.4185804616711053,70.59841059711627
1.428570461845684,70.64496810437953
1.4385604620202592,71.11149976946564
1.448550462194838,71.2152684014296
1.4585404623694167,71.32620820327361
1.4685304625439919,71.30542448557678
1.4785204627185706,71.90868314842294
1.4885104628931494,71.29580338485255
1.498500463067728,70.90550079727713
1.5084904632423033,70.99340960420005
1.518480463416882,70.82093790783523
1.5284704635914608,70.21089636277591
1.538460463766036,69.55488078711254
1.5484504639406147,68.84838743562015
1.5584404641151934,68.56322661050118
1.5684304642897686,68.54732093730912
1.5784204644643474,68.87674320216485
1.588410464638926,68.96442092086276
1.5984004648135048,68.6568902385716
1.60839046498808,68.63364348538313
1.6183804651626588,68.3906528130473
1.6283704653372375,68.0662945932029
1.6383604655118127,68.38525351151907
1.6483504656863914,68.73520630029837
1.6583404658609702,68.33213702674554
1.6683304660355454,67.55213357718173
1.678320466210124,67.10742321900962
1.6883104663847028,66.25637811923403
1.6983004665592816,65.53752883478094
1.7082904667338568,64.9389798405279
1.7182804669084355,64.30050100457287
1.7282704670830142,63.37079707905781
1.7382604672575894,63.31512569110631
1.7482504674321682,62.68244913601836
1.758240467606747,62.40862781950717
1.768230467781322,61.56752244496644
1.7782204679559008,61.303674836800624
1.7882104681304796,60.331757654928815
1.7982004683050583,59.816694704847436
1.8081904684796335,59.442918817890266
1.8181804686542122,58.38934304721387
1.828170468828791,56.86628897404962
1.8381604690033662,55.4943239179082
1.848150469177945,54.431422379628316
1.8581404693525236,53.15532575558844
1.8681304695270988,51.62988877190866
1.8781204697016776,50.62521303444111
1.8881104698762563,49.07591622657249
1.898100470050835,47.643279831642026
1.9080904702254102,46.48001451085516
1.918080470399989,45.36985700676048
1.9280704705745677,44.20636447493676
1.938060470749143,43.18767127197583
1.9480504709237216,42.0507142309376
1.9580404710983004,41.15234760115149
1.9680304712728756,40.240095517737196
1.9780204714474543,39.38769244011339
1.988010471622033,38.51409547290075
1.9980004717966118,37.78816186160737
2.007990471971187,36.6555713140922
2.0179804721457657,35.474713580971056
2.0279704723203444,34.7195674919485
2.0379604724949196,34.3370646868332
2.0479504726694984,33.94611910806448
2.057940472844077,33.56533146545976
2.0679304730186523,33.219994521351445
2.077920473193231,32.4765619335854
2.0879104733678098,32.15451599436495
2.0979004735423885,31.772789215770214
2.1078904737169637,31.642738451131756
2.1178804738915424,31.815664403408448
2.127870474066121,32.82106385814076
2.1378604742406964,33.80399563779004
2.147850474415275,34.98193609403844
2.157840474589854,36.320420807604414
2.1678304747644326,37.79977477890202
2.1778204749390078,39.463142295574016
2.1878104751135865,40.29109989542362
2.1978004752881652,41.171925828568654
2.2077904754627404,41.81842462293617
2.217780475637319,42.361495743465156
2.227770475811898,42.85182220275196
2.237760475986473,43.403679142318126
2.247750476161052,44.16551783051955
2.2577404763356306,44.74997572184633
2.2677304765102093,45.5035089881619
2.2777204766847845,46.05616378957265
2.2877104768593632,47.21026449703148
2.297700477033942,47.600868327977636
2.307690477208517,47.4513151199893
2.317680477383096,47.56360004610438
2.3276704775576746,47.72695521432065
2.33766047773225,48.13587479712446
2.3476504779068286,48.49892860671636
2.3576404780814073,49.022306059523366
2.367630478255986,49.59104533680701
2.3776204784305612,50.53857779128996
2.38761047860514,51.60126357915229
2.3976004787797187,53.20421326438891
2.407590478954294,54.897827203916755
2.4175804791288726,56.58980624955701
2.4275704793034514,58.195125410520845
2.4375604794780266,60.396270124161134
2.4475504796526053,63.197816271342646
2.457540479827184,65.61626199874783
2.467530480001763,68.0261971169743
2.477520480176338,69.69489915955745
2.4875104803509167,70.90799282062775
2.4975004805254954,71.97873509245701
2.5074904807000706,73.1014964109232
2.5174804808746494,74.59722689165213
2.527470481049228,75.12130910157765
2.5374604812238033,75.90826276649388
2.547450481398382,76.26198727861045
2.5574404815729608,76.88706539922553
2.5674304817475395,77.44355082111692
2.5774204819221147,77.76768894320342
2.5874104820966934,77.96150555472465
2.597400482271272,77.70804563650309
2.6073904824458474,77.304170194362
2.617380482620426,76.93874495008914
2.627370482795005,77.13360591280288
2.63736048296958,76.8539454433194
2.6473504831441588,76.4499975891685
2.6573404833187375,76.47027783679476
2.6673304834933163,75.87928090149249
2.6773204836678914,75.60245609241613
2.68731048384247,75.40209674027871
2.697300484017049,75.72295341113026
2.707290484191624,75.46524718164406
2.717280484366203,75.16934809113725
2.7272704845407816,74.63729657672046
2.7372604847153568,74.4681597693963
2.7472504848899355,74.07506505882753
2.7572404850645142,74.37808893481802
2.767230485239093,73.7806629649253
2.777220485413668,73.49179100129703
2.787210485588247,73.65611951403315
2.7972004857628257,72.9729721508376
2.807190485937401,72.00669413509897
2.8171804861119796,71.50769271400246
2.8271704862865583,70.61519339168049
2.8371604864611335,69.87811545005053
2.8471504866357122,69.47853712253598
2.857140486810291,68.46263507929828
2.8671304869848697,68.07215897355529
2.877120487159445,67.42050691688637
2.8871104873340236,66.39090176199424
2.8971004875086024,65.50563246967293
2.9070904876831776,65.2459957913296
2.9170804878577563,64.81927518369797
2.927070488032335,64.35977595213456
2.9370604882069102,63.527689608318255
2.947050488381489,62.74833714611512
2.9570404885560677,62.173712853826494
2.9670304887306465,62.0726121712838
2.9770204889052216,61.35565571793436
2.9870104890798004,60.46422371173204
2.997000489254379,59.49142616502775
3.0069904894289543,58.93993398074536
3.016980489603533,58.33788918292345
3.026970489778112,57.817196751079386
3.0369604899526905,57.12325884011224
3.0469504901272657,56.03903211829767
3.0569404903018444,55.150843541158736
3.066930490476423,54.510564331814315
3.0769204906509984,53.74665727342033
3.086910490825577,53.0187713632982
3.096900491000156,52.04068103321647
3.106890491174731,51.00842372036636
3.11688049134931,49.86498007494978
3.1268704915238885,48.88220480572673
3.1368604916984673,47.75802581259353
3.1468504918730424,47.122251069316384
3.156840492047621,46.188733640913924
3.1668304922222,45.660762406836085
3.176820492396775,45.56504709858796
3.186810492571354,45.281635040304394
3.1968004927459326,45.00173838457128
3.2067904929205078,44.877280140544
3.2167804930950865,44.97819333680839
3.2267704932696653,45.18642110677657
3.236760493444244,44.90249094699699
3.246750493618819,44.574922655827244
3.256740493793398,44.26104382902014
3.2667304939679767,44.33718789178766
3.276720494142552,44.78706054183001
3.2867104943171306,44.69797724116496
3.2967004944917093,44.74334694403011
3.3066904946662845,44.6334963611127
3.3166804948408632,44.392607671500684
3.326670495015442,44.304858320467524
3.3366604951900207,44.41200398203783
3.346650495364596,44.59999186622843
3.3566404955391747,44.803222730501744
3.3666304957137534,44.93617928980612
3.3766204958883286,45.223406852973255
3.3866104960629073,45.227007296925635
3.396600496237486,45.311937174088456
3.4065904964120612,45.45476401967463
3.41658049658664,46.23434042135685
3.4265704967612187,46.88409376374929
3.4365604969357975,47.56986237170053
3.4465504971103726,47.36129412394011
3.4565404972849514,47.88813783573204
3.46653049745953,48.424454503046604
3.4765204976341053,48.34801612720303
3.486510497808684,48.52219697907876
3.496500497983263,48.17255469414822
3.506490498157838,48.35515296453372
3.5164804983324167,48.412877672177224
3.5264704985069955,48.54152213583823
3.536460498681574,49.02450548213279
3.5464504988561494,49.32801564735492
3.556440499030728,49.290128121627575
3.566430499205307,49.19667286639707
3.576420499379882,49.803906020807084
3.586410499554461,50.03174782216991
3.5964004997290395,50.40193689499289
3.6063904999036147,51.08932897915448
3.6163805000781934,51.274094669850285
3.626370500252772,51.806180884996145
3.636360500427351,52.167277589896706
3.646350500601926,53.26061083347175
3.656340500776505,54.46407660492653
3.6663305009510836,55.81513865403816
3.676320501125659,57.809504674719
3.6863105013002375,59.82299906802411
3.6963005014748163,61.746966999786345
3.7062905016493914,63.60459449305344
3.71628050182397,66.46627543540998
3.726270501998549,68.05505862258238
3.7362605021731277,70.09707978127621
3.746250502347703,72.11035306217332
3.7562405025222816,73.11211952522768
3.7662305026968603,74.2862411819305
3.7762205028714355,75.91214603262975
3.7862105030460143,76.6331540306247
3.796200503220593,77.03311009698547
3.806190503395168,77.06802026944939
3.816180503569747,77.40107144198217
3.8261705037443257,77.58140189874796
3.8361605039189044,77.57952437602282
3.8461505040934796,77.4262876923443
3.8561405042680583,77.24987995689199
3.866130504442637,76.84039106540622
3.8761205046172122,76.46616919927588
3.886110504791791,76.66159063292164
3.8961005049663697,76.62574967525774
3.9060905051409485,76.36464566708263
3.9160805053155237,76.5648106117553
3.9260705054901024,75.65955341057438
3.936060505664681,74.93752086137818
3.9460505058392563,74.95550474198362
3.956040506013835,74.18102247159466
3.966030506188414,73.06461315246807
3.976020506362989,72.27653433658965
3.9860105065375677,71.04415750514816
3.9960005067121465,70.10104725707045
4.005990506886725,69.06192990969645
4.0159805070613,68.05526390074554
4.025970507235879,67.21461077202254
4.035960507410458,66.42025287853055
4.045950507585033,65.47518882036931
4.055940507759612,64.55282654403482
4.0659305079341905,63.67363247573481
4.075920508108766,62.67785808865716
4.0859105082833445,62.86965058294071
4.095900508457923,62.15607812140887
4.105890508632502,61.53738858203724
4.115880508807077,61.10057068934725
4.125870508981656,60.54826423400523
4.135860509156235,60.89223132010171
4.14585050933081,59.96205511959094
4.1558405095053885,59.63493942277155
4.165830509679967,59.08638660100668
4.1758205098545425,59.363305095829695
4.185810510029121,58.891856616890834
4.1958005102037,59.13816839598018
4.205790510378279,58.58123826577482
4.215780510552854,58.79811792210205
4.225770510727433,58.17743257699406
4.235760510902011,58.07900522445576
4.2457505110765865,57.59249336440539
4.255740511251165,57.16612149487283
4.265730511425744,56.587399362349295
4.275720511600319,55.735790361569016
4.285710511774898,55.23330627787356
4.295700511949477,54.085165393633474
4.305690512124055,52.82358086837937
4.315680512298631,51.64229753681909
4.325670512473209,50.4647540084713
4.335660512647788,49.22465665882948
4.345650512822363,48.22227276805195
4.355640512996942,47.4873548807785
4.365630513171521,46.65269561574859
4.375620513346096,46.26297934468809
4.385610513520675,46.138571836559784
4.395600513695253,45.80059343307673
4.405590513869832,45.433050504552504
4.415580514044407,45.21813548545209
4.425570514218986,44.994738538251276
4.435560514393565,44.868004940718734
4.44555051456814,44.57576838198241
4.455540514742719,44.674247439402215
4.4655305149172975,44.679017854271336
4.475520515091873,44.66759783482817
4.485510515266451,44.45038471570781
4.49550051544103,44.383172046298135
4.505490515615609,44.27259010489796
4.515480515790184,44.803402732263244
4.525470515964763,44.72762823839139
4.5354605161393415,44.84748633208032
4.545450516313917,44.58833716841239
4.5554405164884955,44.53407178183259
4.565430516663074,44.23186770176568
4.575420516837649,44.13868750700198
4.585410517012228,44.09000109818067
4.595400517186807,44.386258358868815
4.605390517361386,44.45495405718019
4.615380517535961,44.663145845723456
4.6253705177105395,44.988849284725816
4.635360517885118,45.76351728412441
4.6453505180596935,46.156053125489464
4.655340518234272,46.899329812096674
4.665330518408851,47.203057351988356
4.675320518583426,47.26838657077802
4.685310518758005,47.194696738828654
4.695300518932584,47.38675992931669
4.705290519107162,47.52462919352995
4.7152805192817375,48.07381488557657
4.725270519456316,48.96748320588233
4.735260519630895,49.3420551929167
4.74525051980547,49.27417737902904
4.755240519980049,49.11287686039807
4.765230520154628,49.29053194447528
4.775220520329206,49.69913894883755
4.785210520503782,50.24222314585569
4.79520052067836,50.812000062517
4.805190520852939,52.01144552378839
4.815180521027514,53.00391219516735
4.825170521202093,55.01162437005503
4.835160521376672,56.857595581419865
4.845150521551247,59.24858633288501
4.855140521725826,61.606567618551786
4.865130521900404,64.51349294955104
4.875120522074983,66.63510379965874
4.885110522249558,68.403883716785
4.895100522424137,70.19254805227756
4.905090522598716,71.83647655912687
4.915080522773291,73.64026827118076
4.92507052294787,75.14688221737856
4.9350605231224485,76.16784788824084
4.945050523297024,76.38568257879457
4.955040523471602,76.77438614720181
4.965030523646181,77.26422014457879
4.97502052382076,78.02845821431166
4.985010523995335,78.08823204159677
4.995000524169914,77.84092810597235
5.0049905243444925,77.85149446970269
5.014980524519068,77.67152154608688
5.0249705246936465,77.41081195603698
5.034960524868225,77.94693244879473
5.0449505250428,77.00467879196168
5.054940525217379,76.70359206308171
5.064930525391958,75.84394393187114
5.074920525566537,75.26114496435481
5.084910525741112,74.50494088106925
5.0949005259156905,73.40104931949854
5.104890526090269,72.49942463147408
5.1148805262648445,71.69000698992326
5.124870526439423,70.99961567082266
5.134860526614002,70.03486396065831
5.144850526788577,69.3690185770878
5.154840526963156,68.9182824179349
5.164830527137735,67.99640324755951
5.174820527312313,66.96210804789234
5.1848105274868885,66.10678667204733
5.194800527661467,65.97494444294297
5.204790527836046,65.7995720716468
5.214780528010621,65.17522829590196
5.2247705281852,64.63826119733099
5.234760528359779,63.97933105849669
5.244750528534354,63.74998019168075
5.254740528708933,63.302236435633866
5.264730528883511,62.536508362976726
5.27472052905809,62.24509416080793
5.284710529232665,62.075893689519326
5.294700529407244,62.027827333660824
5.304690529581823,61.77036854549797
5.314680529756398,61.81144167965986
5.324670529930977,61.615301234737125
5.334660530105555,61.6478532953604
5.344650530280131,61.65570575433441
5.354640530454709,61.79608081625652
5.364630530629288,61.786290535615386
5.374620530803867,62.225817556603566
5.384610530978442,61.47900152958932
5.394600531153021,60.84871020543669
5.4045905313275995,59.81342253415981
5.414580531502175,58.34516369260599
5.424570531676753,56.92417530839634
5.434560531851332,55.60534199632218
5.444550532025907,54.673371699280544
5.454540532200486,54.02851436289202
5.464530532375065,53.21321784474741
5.4745205325496435,52.704429914754016
5.484510532724219,52.149463683694336
5.4945005328987975,51.538042787269966
5.504490533073376,51.10975548210179
5.514480533247951,50.714647482136414
5.52447053342253,50.4665435647673
5.534460533597109,50.710454149302066
5.544450533771684,50.57452857801544
5.554440533946263,50.18281570781673
5.5644305341208415,49.692218111410895
5.57442053429542,49.0523064581438
5.5844105344699955,48.49564607158293
5.594400534644574,48.072614900863655
5.604390534819153,47.86935735670066
5.614380534993728,48.10526018587892
5.624370535168307,47.70695046064984
5.634360535342886,47.394231264509806
5.644350535517464,47.404846412864956
5.6543405356920395,47.14339607853936
5.664330535866618,47.146961690311464
5.674320536041197,47.1484207532979
5.684310536215772,47.16282361957532
5.694300536390351,47.09663985958829
5.70429053656493,46.94343266040418
5.714280536739505,46.77078140131117
5.724270536914084,46.672227515168956
5.734260537088662,46.95689781158118
5.744250537263241,46.79969481683343
5.754240537437816,46.991010403687795
5.764230537612395,47.284006966029004
5.774220537786974,47.6386470932603
5.784210537961549,48.18921341115768
5.794200538136128,48.468070706655496
5.804190538310706,48.178968478188274
5.814180538485282,48.06145459661307
5.82417053865986,47.950165470640194
5.834160538834439,47.64379507384581
5.844150539009018,47.580142494672245
5.854140539183593,47.63451184118656
5.864130539358172,47.91691805349522
5.8741205395327505,47.873909322374885
5.884110539707326,48.1210624922982
5.894100539881904,48.40475959461451
5.904090540056483,48.5818364162653
5.914080540231058,49.264147517107794
5.924070540405637,50.33354091446704
5.934060540580216,51.29927522303326
5.9440505407547946,53.51383274911372
5.95404054092937,55.56053835103017
5.9640305411039485,57.87192761168589
5.974020541278527,60.056501313157725
5.984010541453102,63.26921299559947
5.994000541627681,65.23964810446789
6.00399054180226,66.90344056339535
6.013980541976835,68.70623057292802
6.023970542151414,69.96828546729594
6.0339605423259925,71.49311224851164
6.043950542500571,73.65978226671845
6.0539405426751465,74.88410846025529
6.063930542849725,76.4831736683542
6.073920543024304,77.56000206413528
6.083910543198879,78.3401433749778
6.093900543373458,78.95691046086277
6.103890543548037,79.1664453872657
6.113880543722612,79.87148353158072
6.1238705438971905,80.39527326090985
6.133860544071769,81.01377129187287
6.143850544246348,80.51523029980541
6.153840544420923,79.82815689413752
6.163830544595502,79.05649517156093
6.173820544770081,78.34599277210333
6.183810544944656,77.79238848797422
6.193800545119235,76.87075113868995
6.203790545293813,76.24945505329896
6.2137805454683885,75.67887859294343
6.223770545642967,74.39599521133326
6.233760545817546,73.38272327761122
6.243750545992125,72.54994929487091
6.2537405461667,71.55057799396148
6.263730546341279,70.64598306406455
6.273720546515857,69.90363450225892
6.283710546690433,68.81378632642458
6.293700546865011,68.09115888836254
6.30369054703959,67.08101588933869
6.313680547214165,66.13415312432276
6.323670547388744,65.40087411782298
6.333660547563323,65.42535703996245
6.3436505477379015,64.86725482145502
6.353640547912477,64.11243839153641
6.363630548087055,63.53356236744612
6.373620548261634,63.072856960561104
6.383610548436209,62.65773850724819
6.393600548610788,61.88313991980177
6.403590548785367,62.378581588777976
6.413580548959942,62.20266406896515
6.423570549134521,61.918396771225375
6.4335605493090995,61.606977745696156
6.443550549483678,61.745096304402274
6.453540549658253,61.38653371196074
6.463530549832832,61.13457774878298
6.473520550007411,60.58133277934202
6.483510550181986,60.65173523401459
6.493500550356565,59.97501719814395
6.5034905505311436,58.93861670635875
6.513480550705722,58.09428456548355
6.5234705508802975,56.28676389428175
6.533460551054876,54.54893058648353
6.543450551229455,53.39450064594965
6.55344055140403,51.60314891598328
6.563430551578609,50.23561914747979
6.573420551753188,49.53882026618749
6.583410551927763,48.791496362517776
6.5934005521023415,47.89917830864864
6.60339055227692,47.900367456445956
6.613380552451499,47.549244137529904
6.623370552626074,47.51181171449072
6.633360552800653,47.36596352538414
6.643350552975232,46.869727068443524
6.653340553149807,46.456388073014836
6.663330553324386,46.04467790921763
6.673320553498964,46.22140091696822
6.6833105536735395,46.22751854127097
6.693300553848118,46.10898483081532
6.703290554022697,45.935637398853316
6.713280554197276,45.699714958555006
6.723270554371851,45.56685824680624
6.73326055454643,45.57328793575236
6.743250554721008,45.45220728721159
6.753240554895584,45.2618348223635
6.763230555070162,45.445203289176575
6.773220555244741,45.54500817088052
6.783210555419316,45.406964579825846
6.793200555593895,45.49349789676327
6.803190555768474,45.489408186021215
6.8131805559430525,45.35752007960412
6.823170556117628,45.47818814086193
6.833160556292206,45.747379878930474
6.843150556466785,45.71535074437122
6.85314055664136,45.784968449261044
6.863130556815939,45.85345458652627
6.873120556990518,46.392388900559695
6.883110557165093,47.105007256850634
6.893100557339672,47.895848412415866
6.9030905575142505,48.318456283891
6.913080557688829,48.46070381686812
6.923070557863404,48.46543302379637
6.933060558037983,48.445749107652944
6.943050558212562,48.13950340212695
6.953040558387137,48.018394252780936
6.963030558561716,47.845527947847344
6.973020558736295,47.650416289692394
6.98301055891087,47.301439742798664
6.9930005590854485,47.11225302450799
7.002990559260027,47.11996230447494
7.012980559434602,47.058037646732416
7.022970559609185,47.635781368915
7.03296055978376,48.14166688645443
7.042950559958335,49.619927291817945
7.052940560132917,50.82798963977129
7.0629305603074926,52.23676066569844
7.072920560482068,54.7137970057186
7.08291056065665,55.897195639645176
7.092900560831225,57.67337130901178
7.1028905610058,59.460892821284894
7.112880561180383,61.09589824320875
7.122870561354958,62.64477554416504
7.132860561529533,64.01991841110527
7.142850561704115,65.48253707298706
7.1528405618786906,67.01792621031379
7.162830562053273,68.2609394940187
7.172820562227848,69.16240303755706
7.182810562402423,69.87348686709207
7.1928005625770055,70.58360337287971
7.202790562751581,71.23841962027637
7.212780562926156,71.90444987357759
7.222770563100738,72.38883191907357
7.232760563275313,72.62170556583996
7.2427505634498885,72.86896126713368
7.252740563624471,72.94600521449769
7.262730563799046,73.33299844578659
7.272720563973621,73.71834945002766
7.2827105641482035,74.73960090680984
7.292700564322779,74.88629547691694
7.302690564497354,74.4119985444039
7.312680564671936,74.46125424420401
7.322670564846511,74.59408901176418
7.3326605650210865,74.15133320338401
7.342650565195669,74.0355918387501
7.352640565370244,73.46710772301805
7.362630565544826,73.01033327420134
7.3726205657194015,72.724624767158
7.382610565893977,72.63548036842296
7.392600566068559,71.63665665076998
7.402590566243134,70.62111605389362
7.412580566417709,69.51806770204573
7.422570566592292,68.60146115427902
7.432560566766867,68.01855929664346
7.442550566941442,67.58728222815465
7.452540567116024,67.34478154813344
7.4625305672905995,67.21176196082313
7.472520567465175,67.26330432914993
7.482510567639757,66.96858066660187
7.492500567814332,66.24815669120704
7.502490567988907,65.91089553118888
7.51248056816349,65.17647786028708
7.522470568338065,64.54594213737602
7.532460568512647,64.11674064692131
7.542450568687222,63.192979848840174
7.5524405688617975,62.84515796692613
7.56243056903638,62.12296649744245
7.572420569210955,62.01742637200319
7.58241056938553,60.99624721623762
7.5924005695601124,59.8365461965031
7.602390569734688,58.892113445203556
7.612380569909263,58.25494284166756
7.622370570083845,57.50179475508064
7.63236057025842,56.563635216059204
7.6423505704329955,56.16528822361276
7.652340570607578,55.36851704896382
7.662330570782153,55.15606391746838
7.672320570956728,55.50792452536943
7.68231057113131,54.946287183429604
7.692300571305886,54.28171143887182
7.702290571480461,53.981863020547216
7.712280571655043,53.573543944245195
7.722270571829618,53.74531164670147
7.732260572004201,53.25424501322228
7.742250572178776,52.585567090341144
7.752240572353351,52.09820163613932
7.762230572527933,50.98588914550286
7.772220572702508,50.04435965969746
7.782210572877084,49.41365022111103
7.792200573051666,48.27509853482767
7.802190573226241,47.53993669109146
7.812180573400816,46.468502222843874
7.822170573575399,45.49721584083014
7.832160573749974,45.150554170262104
7.842150573924549,44.22521750490059
7.852140574099131,43.56289445914484
7.862130574273706,43.065934636804315
7.872120574448282,42.6848347563433
7.882110574622864,42.46254489959156
7.892100574797439,42.52766648247188
7.902090574972014,42.47223995147362
7.912080575146597,42.3953306688143
7.922070575321172,42.26429809667764
7.932060575495754,42.250227235108454
7.942050575670329,42.39762918658756
7.952040575844904,42.509177409393224
7.962030576019487,42.52877030645148
7.972020576194062,42.99791248427876
7.982010576368637,44.10800148967983
7.992000576543219,44.85901444501577
8.001990576717795,45.302373664988224
8.01198057689237,45.3822354137232
8.021970577066952,46.11303416334152
8.031960577241527,46.94719807990472
8.041950577416102,47.53509273557252
8.051940577590685,47.664218299707045
8.06193057776526,47.813501892972916
8.071920577939835,47.73730408054536
8.081910578114417,47.643170311546015
8.091900578288993,47.89241517891642
8.101890578463568,47.64665728118599
8.11188057863815,47.50606347845086
8.121870578812725,47.78250063965548
8.131860578987308,47.62683580781306
8.141850579161883,47.80609789911977
8.151840579336458,48.33710700498471
8.16183057951104,48.42399357563117
8.171820579685615,48.454082150558804
8.18181057986019,48.324939189863436
8.191800580034773,48.01869075456381
8.201790580209348,48.106926575234084
8.211780580383923,48.11885387200144
8.221770580558506,47.909713562412314
8.23176058073308,47.57199570670183
8.241750580907656,47.37332800178625
8.251740581082238,47.11896415442406
8.261730581256813,46.966714136290996
8.271720581431389,46.89132179966685
8.28171058160597,46.82652726097218
8.291700581780546,47.23869185862395
8.301690581955128,47.54345410833505
8.311680582129704,47.94792792491798
8.321670582304279,48.025223858086946
8.331660582478861,48.09931993212963
8.341650582653436,49.136609648441635
8.351640582828011,49.70330859684064
8.361630583002594,50.90830002926092
8.371620583177169,52.512079961023495
8.381610583351744,53.701360089521245
8.391600583526326,55.04809237124499
8.401590583700902,56.87176088468614
8.411580583875477,58.34678624062816
8.421570584050059,59.71584434753327
8.431560584224634,61.14291544786548
8.44155058439921,62.06213922699994
8.451540584573792,63.65062441489283
8.461530584748367,64.47499305950298
8.471520584922942,65.44046211577296
8.481510585097524,66.16188203246517
8.4915005852721,66.51801602585743
8.501490585446682,67.06691420821818
8.511480585621257,67.2993577248111
8.521470585795832,67.76975133678367
8.531460585970414,67.72002469364107
8.54145058614499,68.37747442427474
8.551440586319565,68.59893875726593
8.561430586494147,68.87072439432487
8.571420586668722,68.9816230354584
8.581410586843297,68.97558833947845
8.59140058701788,69.57322292131185
8.601390587192455,69.41729049134257
8.61138058736703,69.33624283713714
8.621370587541612,69.6303368846729
8.631360587716188,69.15250364635334
8.641350587890763,69.18042565068019
8.651340588065345,69.90589143765453
8.66133058823992,69.60678364703827
8.671320588414495,69.10144593093047
8.681310588589078,69.00618122160124
8.691300588763653,68.86905917378802
8.701290588938235,68.59309767649323
8.71128058911281,68.67777994654112
8.721270589287386,68.75695117833303
8.731260589461968,68.59455063183347
8.741250589636543,68.7173060456669
8.751240589811118,69.2233268966369
8.7612305899857,68.60538105480971
8.771220590160276,68.14357398364427
8.781210590334851,67.84920133478688
8.791200590509433,67.8810090673348
8.801190590684008,68.10969058904264
8.811180590858584,67.63209902314675
8.821170591033166,67.37309369845345
8.831160591207741,67.47839802389538
8.841150591382316,67.3787687157402
8.851140591556899,67.51308821843195
8.861130591731474,67.3135602266281
8.871120591906049,67.15874123007649
8.881110592080631,67.16320992173753
8.891100592255206,66.20366603915942
8.901090592429789,65.35174806762994
8.911080592604364,64.57299262440397
8.921070592778939,64.48053438533647
8.931060592953521,63.58666811490839
8.941050593128097,62.58887921080792
8.951040593302672,62.417431572634285
8.961030593477254,61.884422673082405
8.97102059365183,61.52875681634312
8.981010593826404,60.82965587374675
8.991000594000987,60.273613399265884
9.000990594175562,59.74973250797135
9.010980594350137,59.743012595915125
9.02097059452472,58.80867081117525
9.030960594699295,57.93413268429314
9.04095059487387,57.29087268580659
9.050940595048452,56.94243853583026
9.060930595223027,56.08169075332533
9.070920595397602,55.35130489912298
9.080910595572185,54.58957506019646
9.09090059574676,53.73836803398256
9.100890595921342,52.76774448807738
9.110880596095917,51.50567896658717
9.120870596270493,50.89954687336939
9.130860596445075,49.97177887555391
9.14085059661965,49.19901363643447
9.150840596794225,48.14752854622984
9.160830596968808,47.753867808255094
9.170820597143383,46.83593156356091
9.180810597317958,46.50570764557234
9.19080059749254,45.9900852197129
9.200790597667115,45.46583417510287
9.21078059784169,45.24082221978145
9.220770598016273,44.77496182753385
9.230760598190848,44.364210967751085
9.240750598365423,44.277118874349235
9.250740598540006,43.68287713679726
9.26073059871458,43.324847411413494
9.270720598889163,43.11588341081351
9.280710599063738,43.48821452101292
9.290700599238313,42.95111875597425
9.300690599412896,42.85875028148065
9.31068059958747,43.01134452171604
9.320670599762046,43.28982429997775
9.330660599936628,44.22817554923386
9.340650600111204,44.656609534924776
9.350640600285779,45.56122159761135
9.360630600460361,45.92662797951401
9.370620600634936,46.33216436688666
9.380610600809511,46.56972723592007
9.390600600984094,46.706027867799584
9.400590601158669,46.67671569477501
9.410580601333244,46.88121048081043
9.420570601507826,47.004403206647304
9.430560601682402,47.207991544507905
9.440550601856977,47.98399620372155
9.450540602031559,48.133635087364596
9.460530602206134,48.07576565095423
9.470520602380716,47.929273800990686
9.480510602555292,48.15977052635699
9.490500602729867,48.495783421831774
9.50049060290445,48.41187311271186
9.510480603079024,48.74236405178453
9.5204706032536,48.71075619954399
9.530460603428182,48.71837400304557
9.540450603602757,48.84985493704352
9.550440603777332,49.35649646925547
9.560430603951914,50.16221944928386
9.57042060412649,50.207478845612506
9.580410604301065,49.84835028978001
9.590400604475647,49.618368821719784
9.600390604650222,49.42310148987404
9.610380604824798,49.461908445364
9.62037060499938,49.75721902208727
9.630360605173955,49.62780763316029
9.64035060534853,49.73224830460903
9.650340605523112,50.19575774111339
9.660330605697688,50.74233367961879
9.67032060587227,51.80106542968963
9.680310606046845,52.79944556141907
9.69030060622142,53.950117999236205
9.700290606396003,55.65053019537284
9.710280606570578,56.644690791166845
9.720270606745153,58.03872500547579
9.730260606919735,59.3228175318865
9.74025060709431,61.35959804888636
9.750240607268886,62.65048341063435
9.760230607443468,63.7602627855078
9.770220607618043,64.88886841776944
9.780210607792618,66.52445992766964
9.7902006079672,67.71030912878092
9.800190608141776,68.34677811921003
9.810180608316351,69.09263789250254
9.820170608490933,69.62198023509323
9.830160608665508,71.05895118995974
9.840150608840084,71.68151666468772
9.850140609014666,71.78159830857284
9.860130609189241,72.12635557553715
9.870120609363823,72.83730017563654
9.880110609538399,72.7484594601529
9.890100609712974,72.74146807612274
9.900090609887556,73.74251197015931
9.910080610062131,73.59280698212935
9.920070610236706,73.55277869435687
9.930060610411289,73.57215336476119
9.940050610585864,73.03962889256346
9.950040610760439,72.69516767556172
9.960030610935021,72.3338750518275
9.970020611109597,71.83675508193232
9.980010611284172,71.71556790583278
9.990000611458754,71.6088164994901
9.99999061163333,70.92706373604298
10.009980611807904,70.40140549604868
10.019970611982487,70.06612844388184
10.029960612157062,70.03700181587607
10.039950612331644,69.6776529244171
10.04994061250622,69.08698303826657
10.059930612680795,68.95791682294728
10.069920612855377,68.70167877155421
10.079910613029952,68.84060045559106
10.089900613204527,68.13407462341225
10.09989061337911,67.28015164556795
10.109880613553685,66.58660554223225
10.11987061372826,65.75267094799015
10.129860613902842,65.08826683130663
10.139850614077417,64.2419286904011
10.149840614251993,63.637949632098284
10.159830614426575,62.8753728417831
10.16982061460115,62.71617209218599
10.179810614775725,62.078680966938755
10.189800614950308,61.52110760701844
10.199790615124883,60.78325992179777
10.209780615299458,60.38060119967156
10.21977061547404,59.75881577972076
10.229760615648615,60.05002115433578
10.239750615823198,59.31430708525297
10.249740615997773,58.99400622413516
10.259730616172348,58.31257493916365
10.26972061634693,57.7930180713176
10.279710616521506,57.87954050762919
10.28970061669608,57.23324497494418
10.299690616870663,56.904800904588384
10.309680617045238,56.81484499735391
10.319670617219813,56.12125106999606
10.329660617394396,55.93381632239606
10.33965061756897,55.69217819814319
10.349640617743546,55.1339259801624
10.359630617918128,54.64783552364506
10.369620618092704,54.441821203047674
10.379610618267279,53.629688871006685
10.389600618441861,52.72874536114677
10.399590618616436,51.42358846073041
10.409580618791011,50.1838707503248
10.419570618965594,49.5001699073271
10.429560619140169,48.36525035076305
10.439550619314751,47.68825907497831
10.449540619489326,46.98060518513178
10.459530619663902,46.27146478254146
10.469520619838484,46.35119165493335
10.479510620013059,46.277440697647194
10.489500620187634,46.08804903453891
10.499490620362216,45.67720691552364
10.509480620536792,45.35020468968169
10.519470620711367,45.4681155183603
10.52946062088595,45.18379903981021
10.539450621060524,44.88569358697164
10.5494406212351,44.69439662300319
10.559430621409682,44.495603695620105
10.569420621584257,45.059360332038914
10.579410621758832,45.223659361739784
10.589400621933414,45.0707413966869
10.59939062210799,45.002765586138864
10.609380622282565,44.66981267894088
10.619370622457147,44.93016212840433
10.629360622631722,44.70046464086471
10.639350622806305,44.086981837999645
10.64934062298088,44.02507978491503
10.659330623155455,44.09521660141116
10.669320623330037,44.27356468793753
10.679310623504612,44.67289370849722
10.689300623679188,44.42048741806689
10.69929062385377,44.599498624594226
10.709280624028345,44.6527001679178
10.71927062420292,45.036614023398826
10.729260624377503,45.312462428698815
10.739250624552078,45.755275003590185
10.749240624726653,45.84688152358989
10.759230624901235,46.795992862733925
10.76922062507581,47.01260902457889
10.779210625250386,47.302566367279724
10.789200625424968,47.429140935091546
10.799190625599543,47.53900566243382
10.809180625774118,47.610760296646006
10.8191706259487,47.99159788835268
10.829160626123276,48.040636548999906
10.839150626297858,48.485463554087076
10.849140626472433,48.67099549478284
10.859130626647008,48.98440343621864
10.86912062682159,49.09005931406413
10.879110626996166,49.42619714350695
10.889100627170741,50.347863890189274
10.899090627345323,50.41133135652189
10.909080627519899,50.08076087837125
10.919070627694474,49.84731507632945
10.929060627869056,50.14130347650136
10.939050628043631,50.47224345222984
10.949040628218206,50.430952671920146
10.959030628392789,50.555940335926806
10.969020628567364,50.675158138941114
10.97901062874194,51.424232562383175
10.989000628916521,51.68858346165893
10.998990629091097,52.64935111898602
11.008980629265679,53.69051194199665
11.018970629440254,55.151032873578075
11.02896062961483,56.7094533378622
11.038950629789412,58.0267359706538
11.048940629963987,59.52333877310973
11.058930630138562,61.72969767322108
11.068920630313144,63.14464069430197
11.07891063048772,64.44337014792865
11.088900630662295,65.4176560384215
11.098890630836877,66.34184255224875
11.108880631011452,67.38903081503143
11.118870631186027,68.00536348294857
11.12886063136061,69.0116822530848
11.138850631535185,69.85230177818801
11.14884063170976,70.58330697581202
11.158830631884342,71.55931761071578
11.168820632058917,72.59431712304728
11.178810632233493,73.77838395436687
11.188800632408075,74.02124862234348
11.19879063258265,73.86360598407775
11.208780632757232,74.00979324082603
11.218770632931808,73.80860582292411
11.228760633106383,73.6393153677339
11.238750633280965,74.45677314961883
11.24874063345554,74.14181231265661
11.258730633630115,74.09549069324429
11.268720633804698,74.04569164530326
11.278710633979273,73.82514931370284
11.288700634153848,73.55744792932254
11.29869063432843,73.21240488062989
11.308680634503006,72.96828743961574
11.31867063467758,72.94934910637423
11.328660634852163,72.48852152388378
11.338650635026738,71.440500190788
11.348640635201313,70.41082315640338
11.358630635375896,69.34031754466477
11.36862063555047,68.21430536011839
11.378610635725046,67.08639361785653
11.388600635899628,66.02376827261038
11.398590636074204,65.82626787531363
11.408580636248786,65.17004081536795
11.418570636423361,64.2972396997158
11.428560636597936,63.12257142918251
11.438550636772518,62.1951076143096
11.448540636947094,61.039947806859935
11.458530637121669,60.07262497859353
11.468520637296251,59.30924546620704
11.478510637470826,58.37697095152918
11.488500637645402,57.3778344881298
11.498490637819984,56.83953031666981
11.508480637994559,56.180655842508806
11.518470638169134,55.408918329226786
11.528460638343716,54.96790024987729
11.538450638518292,54.22265967012547
11.548440638692867,53.67930344403287
11.55843063886745,53.007638662328986
11.568420639042024,52.73289695679976
11.5784106392166,52.836036682264684
11.588400639391182,52.47107158369488
11.598390639565757,51.89335080569167
11.60838063974034,51.04146006397018
11.618370639914914,50.55149103148671
11.62836064008949,49.88659647311013
11.638350640264072,48.988207237335615
11.648340640438647,48.24249550828813
11.658330640613222,47.34228963277722
11.668320640787805,46.420661640607726
11.67831064096238,45.69050605073245
11.688300641136955,45.111753523047575
11.698290641311537,44.980749768477175
11.708280641486112,44.870191258853026
11.718270641660688,44.66416850584702
11.72826064183527,44.27832456919887
11.738250642009845,44.05102866340568
11.74824064218442,43.94737799941679
11.758230642359003,43.45167690906935
11.768220642533578,43.178538366489235
11.77821064270816,42.99476174878735
11.788200642882735,43.235172977240815
11.79819064305731,42.928071898011524
11.808180643231893,42.81677629095138
11.818170643406468,43.48823758637795
11.828160643581043,43.44237900532435
11.838150643755625,43.352123579269666
11.8481406439302,43.07798559173674
11.858130644104776,43.520880629873176
11.868120644279358,44.15202012319731
11.878110644453933,43.96583213301595
11.888100644628508,44.5582825318146
11.89809064480309,44.724822050123116
11.908080644977666,45.17790484214629
11.918070645152241,45.85402572876215
11.928060645326823,45.86504093150502
11.938050645501399,46.41472950300041
11.948040645675974,46.768281019893806
11.958030645850556,47.67718351681979
11.968020646025131,48.009232554292865
11.978010646199714,48.086263595086244
11.988000646374289,48.20949140531905
11.997990646548864,48.069002470327185
12.007980646723446,48.0132318159358
12.017970646898021,47.729115119782605
12.027960647072597,47.38486118490411
12.037950647247179,47.25520045331961
12.047940647421754,46.98994878557944
12.05793064759633,46.711289687158775
12.067920647770912,46.850138995259165
12.077910647945487,46.888982099994465
12.087900648120062,47.11003246011193
12.097890648294644,47.47278678765812
12.10788064846922,47.966580303983875
12.117870648643795,47.9655231095123
12.127860648818377,47.7362856378362
12.137850648992952,47.773703797913676
12.147840649167527,47.54926014033485
12.15783064934211,48.1949647275941
12.167820649516685,48.70236065398646
12.177810649691267,48.53654130727127
12.187800649865842,48.951193642397975
12.197790650040417,50.376123122306886
12.207780650215,50.82833838486357
12.217770650389575,51.702249474108534
12.22776065056415,52.418689028391
12.237750650738732,53.439697566748706
12.247740650913308,54.574864361454246
12.257730651087883,56.89794401894619
12.267720651262465,58.19826961020398
12.27771065143704,60.04561130052464
12.287700651611615,61.12661190796625
12.297690651786198,62.211044494318585
12.307680651960773,64.0243437755354
12.317670652135348,64.91128951431648
12.32766065230993,65.65566742568436
12.337650652484506,66.34223860430971
12.34764065265908,66.59043513954413
12.357630652833663,66.79715139659493
12.367620653008238,66.88356703538034
12.37761065318282,67.03427977666833
12.387600653357396,67.05050007410838
12.39759065353197,67.32363995131828
12.407580653706553,67.34652566850983
12.417570653881128,67.10532709188362
12.427560654055704,66.76943732879049
12.437550654230286,66.60794214338266
12.447540654404861,67.20425376235663
12.457530654579436,67.01641308351361
12.467520654754018,66.74132989755432
12.477510654928594,66.36516976607061
12.487500655103169,65.83305256927692
12.497490655277751,65.21239846277201
12.507480655452326,64.76792384357076
12.517470655626902,64.36158242343159
12.527460655801484,63.854932405117715
12.537450655976059,63.73427799333427
12.547440656150634,63.47477717517066
12.557430656325216,63.26743571952055
12.567420656499792,63.15740074282449
12.577410656674374,62.394903659261345
12.58740065684895,61.755191695504806
12.597390657023524,61.69835257878749
12.607380657198107,61.058631246992576
12.617370657372682,60.71089927706515
12.627360657547257,59.94851563199448
12.63735065772184,59.509530421923515
12.647340657896414,59.06912826116106
12.65733065807099,58.940976115331566
12.667320658245572,58.585237156406805
12.677310658420147,58.39383794993712
12.687300658594722,58.21689433365663
12.697290658769305,58.16683978038648
12.70728065894388,58.14210983370849
12.717270659118455,58.03604498082078
12.727260659293037,57.80857523743992
12.737250659467612,57.70152754993017
12.747240659642195,57.205274881087774
12.75723065981677,56.406286632666735
12.767220659991345,55.49209608550588
12.777210660165927,54.54882158350712
12.787200660340503,53.71063802137192
12.797190660515078,52.89406835548756
12.80718066068966,52.2941542815003
12.817170660864235,51.136928640611664
12.82716066103881,50.446485871115094
12.837150661213393,50.07897485458325
12.847140661387968,49.65727144532757
12.857130661562543,49.15268211071107
12.867120661737125,48.67561389504428
12.8771106619117,48.635326242017356
12.887100662086276,48.76593270043738
12.897090662260858,48.58953034013018
12.907080662435433,48.85698687927622
12.917070662610008,49.15775702083404
12.92706066278459,49.20075786614376
12.937050662959166,49.11641080943174
12.947040663133748,49.38650878753166
12.957030663308323,49.301333185444925
12.967020663482899,49.32274800533007
12.977010663657481,49.1139137429571
12.987000663832056,49.01043240977513
12.996990664006631,48.63546849304164
13.006980664181214,48.23847831523821
13.016970664355789,48.246815693555256
13.026960664530364,48.95250727343115
13.036950664704946,49.194613651194885
13.046940664879521,49.913619178070796
13.056930665054097,50.524819089097925
13.066920665228679,50.41840517271894
13.076910665403254,50.46192620683256
13.08690066557783,50.36218045878593
13.096890665752412,50.59989085365375
13.106880665926987,50.52247130928119
13.116870666101562,50.376489691409446
13.126860666276144,50.161311986502824
13.13685066645072,50.29919953747193
13.146840666625302,50.58570108061032
13.156830666799877,50.945708099255455
13.166820666974452,51.163515080843815
13.176810667149034,50.948550348341186
13.18680066732361,50.3151112590718
13.196790667498185,50.24217097941836
13.206780667672767,49.83821169938071
13.216770667847342,49.93694852455951
13.226760668021917,50.058636773645446
13.2367506681965,50.284751958002545
13.246740668371075,50.421554749224
13.25673066854565,50.243526731483556
13.266720668720232,50.02097785894182
13.276710668894808,49.46273235788277
13.286700669069383,49.15444798001873
13.296690669243965,48.94983936809592
13.30668066941854,48.92523811372225
13.316670669593115,49.07694326674149
13.326660669767698,49.40111480751841
13.336650669942273,49.577119192098614
13.346640670116855,49.26332494237731
13.35663067029143,49.35443646580102
13.366620670466006,49.52055186336199
13.376610670640588,49.99317530177888
13.386600670815163,49.863893587031605
13.396590670989738,50.20514321896028
13.40658067116432,50.00723288747743
13.416570671338896,49.774095014024006
13.42656067151347,50.022940348281864
13.436550671688053,50.46652246348537
13.446540671862628,50.748079484446755
13.456530672037204,51.759556405281195
13.466520672211786,53.303373905582355
13.476510672386361,54.82867793997087
13.486500672560936,56.575848433467904
13.496490672735519,57.8807513332715
13.506480672910094,58.51765553681645
13.516470673084676,58.77508946892819
13.526460673259251,59.155527025351965
13.536450673433826,59.272160972530195
13.546440673608409,59.79649564237372
13.556430673782984,59.979206783935396
13.566420673957559,60.42910381479482
13.576410674132141,61.90730864457601
13.586400674306716,62.461268654310814
13.596390674481292,62.7772116741643
13.606380674655874,63.18533965274313
13.61637067483045,64.50960998250525
13.626360675005024,64.67801600361997
13.636350675179607,65.12745896316204
13.646340675354182,65.76835036471483
13.656330675528757,66.06115030615427
13.66632067570334,67.32475598778603
13.676310675877914,67.59559145019048
13.68630067605249,67.93865080310736
13.696290676227072,68.0029567543555
13.706280676401647,68.32686066286463
13.71627067657623,68.59096874956967
13.726260676750805,68.359091085027
13.73625067692538,68.35803867962737
13.746240677099962,68.86532295946218
13.756230677274537,68.65265012077553
13.766220677449112,68.13563513984491
13.776210677623695,68.15714472675323
13.78620067779827,68.12323587432246
13.796190677972845,67.92400499997794
13.806180678147427,67.53381946833943
13.816170678322003,66.89230507623869
13.826160678496578,66.33598676834981
13.83615067867116,65.66114160139429
13.846140678845735,65.25901094375882
13.85613067902031,64.93322123318443
13.866120679194893,64.45908908532934
13.876110679369468,63.67034881507181
13.886100679544043,63.611021307802815
13.896090679718625,63.49537234934433
13.9060806798932,63.133295130584564
13.916070680067783,62.73626665667125
13.926060680242358,62.28928751952392
13.936050680416933,62.643062782497886
13.946040680591516,62.12269390517059
13.95603068076609,61.35217062673543
13.966020680940666,60.7470896961305
13.976010681115248,60.05043015790318
13.986000681289823,59.58262433361185
13.995990681464399,59.12237251114209
14.005980681638981,58.6670874300774
14.015970681813556,58.48748803298022
14.025960681988131,57.68154975911469
14.035950682162714,56.79652435631914
14.045940682337289,56.59962182614816
14.055930682511864,56.66563575548043
14.065920682686446,56.098807938374364
14.075910682861021,55.31626169299784
14.085900683035597,54.57429287767913
14.095890683210179,53.56467778937504
14.105880683384754,52.49814859881678
14.115870683559336,51.74518311963409
14.125860683733912,50.506734461759535
14.135850683908487,49.5999970434665
14.145840684083069,48.577318684198815
14.155830684257644,47.73274937738099
14.16582068443222,47.19067574163595
14.175810684606802,46.716856587538274
14.185800684781377,46.26359551565602
14.195790684955952,46.259466455994826
14.205780685130534,46.38328800100077
14.21577068530511,46.26755015403949
14.225760685479685,46.24490189632589
14.235750685654267,45.68330877402673
14.245740685828842,45.293172633683824
14.255730686003417,45.28982331994907
14.265720686178,44.50462174837742
14.275710686352575,44.538095398552294
14.28570068652715,44.06343119688685
14.295690686701732,43.766691177269706
14.305680686876308,43.46455264514941
14.31567068705089,43.05473053786006
14.325660687225465,43.29746748505389
14.33565068740004,43.508426298892516
14.345640687574623,43.606061213694275
14.355630687749198,43.73727209011866
14.365620687923773,43.86975756713597
14.375610688098355,43.92824953511524
14.38560068827293,44.32073454644747
14.395590688447506,44.74505568981946
14.405580688622088,45.14046545432615
14.415570688796663,45.54888449656906
14.425560688971238,46.00098864602863
14.43555068914582,47.04648013314363
14.445540689320396,47.663770060859754
14.45553068949497,47.680906637122625
14.465520689669553,47.93273337035757
14.475510689844128,47.947199440359746
14.48550069001871,48.15472244833207
14.495490690193286,48.201594387889294
14.505480690367861,48.37216613707486
14.515470690542443,48.46720048588947
14.525460690717019,48.75498710475193
14.535450690891594,49.28879986684154
14.545440691066176,49.252107629486915
14.555430691240751,49.50534871283442
14.565420691415326,49.67380457338412
14.575410691589909,49.48530980777968
14.585400691764484,49.6665995295613
14.595390691939059,49.8359520000418
14.605380692113641,50.87357483874029
14.615370692288217,51.0359807124271
14.625360692462792,50.92482706432065
14.635350692637374,51.85478334512536
14.64534069281195,52.39008612253283
14.655330692986524,53.517863866821344
14.665320693161107,54.815220745547194
14.675310693335682,56.42403813192572
14.685300693510264,58.19541826013375
14.69529069368484,59.785918055396934
14.705280693859414,61.140001967996
14.715270694033997,62.81364501210409
14.725260694208572,64.08163145596987
14.735250694383147,66.03916739188017
14.74524069455773,68.50442722116736
14.755230694732305,69.0639002066744
14.76522069490688,69.61955062203724
14.775210695081462,70.08250512922535
14.785200695256037,70.62312853131782
14.795190695430612,71.85215419137806
14.805180695605195,72.32996048781281
14.81517069577977,72.58505600140865
14.825160695954345,72.59896973567834
14.835150696128927,72.98944228207985
14.845140696303503,72.52948971192895
14.855130696478078,73.08392430700326
14.86512069665266,72.5986947966536
14.875110696827235,73.30196302268517
14.885100697001818,73.27139779556376
14.895090697176393,73.6696287325422
14.905080697350968,73.11629458540722
14.91507069752555,73.30565033448217
14.925060697700125,73.20238240689149
14.9350506978747,73.02582913380886
14.945040698049283,72.84892474723299
14.955030698223858,72.52655850482178
14.965020698398433,71.9772260591099
14.975010698573016,71.67669720411529
14.98500069874759,71.66167807801662
14.994990698922166,71.01842413860001
15.004980699096748,70.24760354055472
15.014970699271323,69.48179669321867
15.024960699445899,68.83496504010401
15.034950699620481,68.42971403974434
15.044940699795056,68.31753028657467
15.054930699969631,67.8174791983204
15.064920700144214,67.42746438434108
15.074910700318789,66.67918274476867
15.084900700493371,65.80570004368015
15.094890700667946,64.91180347817577
15.104880700842521,64.20651024565844
15.114870701017104,63.94136596311477
15.124860701191679,63.073346010961096
15.134850701366254,62.328633562559965
15.144840701540836,61.564484980727734
15.154830701715412,61.02251169992882
15.164820701889987,59.933879292141306
15.174810702064569,59.18722518239683
15.184800702239144,58.65981598741452
15.19479070241372,57.9768879287122
15.204780702588302,57.30362218279744
15.214770702762877,56.42497366933088
15.224760702937452,55.59386590186563
15.234750703112034,56.0526596020004
15.24474070328661,55.47926742489645
15.254730703461192,54.927093204528376
15.264720703635767,55.04341873045378
15.274710703810342,54.62809535370532
15.284700703984925,54.10459663538843
15.2946907041595,53.592183648812714
15.304680704334075,52.563434209607266
15.314670704508657,51.84599236376272
15.324660704683232,50.73519924886174
15.334650704857808,49.79956926941577
15.34464070503239,49.41286680230389
15.354630705206965,48.469489336843296
15.36462070538154,47.88088087698134
15.374610705556123,47.17330995274255
15.384600705730698,46.309476009363124
15.394590705905273,46.061829250392904
15.404580706079855,45.566593745644504
15.41457070625443,45.01987948746455
15.424560706429006,44.95903640432766
15.434550706603588,44.85459547095299
15.444540706778163,44.77063570862153
15.454530706952745,44.635971457083656
15.46452070712732,44.3859308368906
15.474510707301896,44.57111626965358
15.484500707476478,45.17887123940107
15.494490707651053,45.83395171379557
15.504480707825628,46.089781729999096
15.51447070800021,46.62780464331042
15.524460708174786,46.693231086310256
15.534450708349361,46.91267885399419
15.544440708523943,46.93397402371594
15.554430708698519,47.08692397318798
15.564420708873094,47.07508294345212
15.574410709047676,46.81411006904365
15.584400709222251,46.79019439208473
15.594390709396826,46.930650845567875
15.604380709571409,46.907699830123846
15.614370709745984,46.939522392687635
15.624360709920559,46.999732954452696
15.634350710095141,47.58942720714222
15.644340710269717,47.83764163162494
15.654330710444299,47.763657781768394
15.664320710618874,47.63264455332262
15.67431071079345,47.55680741730892
15.684300710968031,47.94622528434208
15.694290711142607,48.59724646623529
15.704280711317182,49.1191643163094
15.714270711491764,49.47131739102201
15.72426071166634,49.724379787174485
15.734250711840915,49.640045778843096
15.744240712015497,49.633389054629674
15.754230712190072,49.56755822335901
15.764220712364647,49.27211021013972
15.77421071253923,49.066668051232796
15.784200712713805,49.187057233493334
15.79419071288838,49.896996260659186
15.804180713062962,50.14210148786498
15.814170713237537,50.371273944859645
15.824160713412113,51.02635174137235
15.834150713586695,50.924898573207756
15.84414071376127,51.40099569892316
15.854130713935852,52.02449199781153
15.864120714110427,52.21238705380117
15.874110714285003,52.580661205384615
15.884100714459585,52.605881657560694
15.89409071463416,52.972350738023955
15.904080714808735,53.69664930460614
15.914070714983318,54.73034250700537
15.924060715157893,56.20271324204777
15.934050715332468,57.8240518814747
15.94404071550705,59.76569812870339
15.954030715681625,62.21284068209793
15.9640207158562,65.29145167636607
15.974010716030783,67.71658591018763
15.984000716205358,70.15234442925836
15.993990716379933,71.96389575496127
16.003980716554516,73.74676797675714
16.01397071672909,74.99295874494533
16.023960716903666,76.88946329575259
16.03395071707825,77.39334048511911
16.043940717252823,77.82594467406504
16.053930717427406,77.94010148144243
16.06392071760198,79.15137232660815
16.073910717776556,79.68476127819319
16.08390071795114,79.57990637831358
16.093890718125714,79.53115867957874
16.10388071830029,79.33505847813811
16.11387071847487,79.34069543351033
16.123860718649446,79.8098479054764
16.13385071882402,79.53696484523324
16.143840718998604,79.0325981485094
16.15383071917318,78.53571796382576
16.163820719347754,77.77582627882381
16.173810719522336,77.01770876010785
16.18380071969691,76.57430900607606
16.193790719871487,75.91284249477779
16.20378072004607,75.29606310905989
16.213770720220644,75.27393546979262
16.223760720395227,74.22902180223227
16.2337507205698,73.08405175638956
16.243740720744377,71.71754598095892
16.25373072091896,70.44847203330266
16.263720721093534,69.34850446973834
16.27371072126811,68.12489759343912
16.283700721442692,66.97854330427845
16.293690721617267,66.1390189204908
16.303680721791842,65.33680009711954
16.313670721966425,64.34867680009054
16.323660722141,63.426939183866935
16.333650722315575,62.51767450649376
16.343640722490157,62.332871773446975
16.353630722664732,61.91658269487786
16.363620722839308,61.36669284298566
16.37361072301389,60.970325992464105
16.383600723188465,60.51135954873362
16.39359072336304,60.63542521480885
16.403580723537623,60.53505419899151
16.413570723712198,60.01996492352511
16.42356072388678,60.09541674732067
16.433550724061355,60.193063776268374
16.44354072423593,59.90218095175633
16.453530724410513,59.571497669614544
16.463520724585088,59.66429637405841
16.473510724759663,60.48980076288375
16.483500724934245,60.86247400489312
16.49349072510882,60.79245414036944
16.503480725283396,60.77170261726283
16.513470725457978,60.33685413729934
16.523460725632553,59.66581738188384
16.53345072580713,58.71424521515532
16.54344072598171,57.42501739539827
16.553430726156286,55.864447318289805
16.56342072633086,54.46171647715712
16.573410726505443,53.07758493195088
16.58340072668002,51.45804389144918
16.593390726854594,50.680737185969676
16.603380727029176,49.80944607263226
16.61337072720375,48.83903672551088
16.623360727378333,48.38230642627057
16.63335072755291,48.51958139375872
16.643340727727484,47.88078599937993
16.653330727902066,47.23566136038812
16.66332072807664,46.60754036695427
16.673310728251217,46.05043419069458
16.6833007284258,45.69367020706614
16.693290728600374,45.21346241130841
16.70328072877495,44.809784390373764
16.71327072894953,44.45908773367169
16.723260729124107,44.549213329383846
16.733250729298682,44.05209133329393
16.743240729473264,43.79650481587463
16.75323072964784,43.67265630776364
16.763220729822415,43.46173044428468
16.773210729996997,43.561613610177595
16.783200730171572,44.13385639323738
16.793190730346147,44.10363005415999
16.80318073052073,44.19823800979799
16.813170730695305,44.40378564371149
16.823160730869887,44.66188739268456
16.833150731044462,44.80221709828444
16.843140731219037,44.95736987957851
16.85313073139362,44.79595553813304
16.863120731568195,44.56148559962209
16.87311073174277,44.37371438051828
16.883100731917352,44.62494150665809
16.893090732091927,44.93326811848845
16.903080732266503,45.34565284522093
16.913070732441085,45.93353114746331
16.92306073261566,46.244877845368734
16.933050732790235,46.475336807080836
16.943040732964818,46.594115883421765
16.953030733139393,46.482259566947945
16.963020733313968,46.553650723769735
16.97301073348855,46.492400347509644
16.983000733663125,46.41943339059042
16.992990733837708,46.38575882165557
17.002980734012283,46.684833835389995
17.012970734186858,47.12112219697792
17.02296073436144,47.56070763974829
17.032950734536016,48.04435724613869
17.04294073471059,48.37140668938301
17.052930734885173,48.871751184559116
17.06292073505975,49.46285293389075
17.072910735234323,49.967759220510914
17.082900735408906,50.45979690170377
17.09289073558348,51.54511846706793
17.102880735758056,52.999415728899024
17.11287073593264,54.74938434457943
17.122860736107214,56.72943154986472
17.13285073628179,58.485301910347566
17.14284073645637,60.43453728878775
17.152830736630946,62.198522862484296
17.16282073680552,64.86603892607599
17.172810736980104,66.92994362986512
17.18280073715468,68.92422638312864
17.19279073732926,71.21929817490401
17.202780737503836,72.62830917487311
17.21277073767841,73.99640828147747
17.222760737852994,75.29643913554303
17.23275073802757,76.13359203970866
17.242740738202144,76.74479726009908
17.252730738376727,78.44791262147996
17.2627207385513,79.2112078952067
17.272710738725877,79.44470560054575
17.28270073890046,79.42013656464053
17.292690739075034,79.09469608457539
17.30268073924961,78.79194610319408
17.312670739424192,78.3907839853879
17.322660739598767,78.24532413143717
17.332650739773342,78.957473667563
17.342640739947925,78.17709252647099
17.3526307401225,78.00349297608035
17.362620740297075,77.23198455134646
17.372610740471657,77.28626953635161
17.382600740646232,76.33346174578877
17.392590740820815,75.50532557680037
17.40258074099539,74.54897208657222
17.412570741169965,73.84001419624312
17.422560741344547,72.83607377817933
17.432550741519123,71.85396115104032
17.442540741693698,70.76636338884025
17.45253074186828,69.88361835884673
17.462520742042855,69.68020209082482
17.47251074221743,68.61885215998487
17.482500742392013,67.25130944904737
17.492490742566588,66.3842386313384
17.502480742741163,65.58575624483979
17.512470742915745,64.62020838400443
17.52246074309032,63.985231587698564
17.532450743264896,63.420394646376366
17.542440743439478,62.75678051610096
17.552430743614053,62.065132692696295
17.56242074378863,62.420286618002265
17.57241074396321,61.946388750094954
17.582400744137786,61.40646919448416
17.592390744312368,61.11499979031397
17.602380744486943,60.39460469794493
17.61237074466152,60.17981816205155
17.6223607448361,60.334915053438685
17.632350745010676,60.347827860438144
17.64234074518525,60.15562165734724
17.652330745359833,59.92616165259169
17.66232074553441,60.342284409675244
17.672310745708984,60.91927788800133
17.682300745883566,60.79806657170703
17.69229074605814,60.03452076984062
17.702280746232717,60.44255595935285
17.7122707464073,59.46252636191389
17.722260746581874,58.289090118630156
17.73225074675645,57.088041370614874
17.74224074693103,55.6269273313427
17.752230747105607,54.46930354971358
17.762220747280182,53.796401871886175
17.772210747454764,53.06533454024854
17.78220074762934,52.33640041630317
17.79219074780392,51.51933955923486
17.802180747978497,50.68083536462381
17.812170748153072,49.84404276112473
17.822160748327654,49.11937873433721
17.83215074850223,48.67053478212808
17.842140748676805,48.55148256417997
17.852130748851387,48.800873445495384
17.862120749025962,48.79297532103268
17.872110749200537,48.61397011739497
17.88210074937512,48.26201705658882
17.892090749549695,47.83906063058658
17.90208074972427,47.15046356584744
17.912070749898852,46.99730661121829
17.922060750073427,46.91032094425333
17.932050750248003,46.48644114314147
17.942040750422585,46.298118106998444
17.95203075059716,45.84787490155097
17.962020750771742,45.843375575572814
17.972010750946318,45.66948478169676
17.982000751120893,45.50930812415944
17.991990751295475,45.45891302307223
18.00198075147005,45.58234455925437
18.011970751644625,45.76930825556387
18.021960751819208,45.98814191333763
18.031950751993783,46.0267344551264
18.041940752168358,46.157201205377206
18.05193075234294,46.50738505951893
18.061920752517516,47.08879024750054
18.07191075269209,47.694688895007786
18.081900752866673,48.003207940081516
18.09189075304125,48.00090659525255
18.101880753215823,47.99245058580835
18.111870753390406,47.835852198310064
18.12186075356498,47.85818264425439
18.131850753739556,47.86519042421695
18.14184075391414,47.93204026061765
18.151830754088714,47.762979840838085
18.161820754263296,47.8122366496017
18.17181075443787,47.86079194494309
18.181800754612446,47.57365092580628
18.19179075478703,47.605059698011104
18.201780754961604,48.119238757586835
18.21177075513618,48.61612108729872
18.22176075531076,48.646761156536975
18.231750755485336,48.450506290913836
18.24174075565991,48.60075003462534
18.251730755834494,49.63484800064203
18.26172075600907,50.31327856051321
18.271710756183644,51.377036139677905
18.281700756358227,52.734218784639694
18.2916907565328,55.06809308306525
18.301680756707377,58.474307672425226
18.31167075688196,61.30432220477606
18.321660757056534,63.39668411424738
18.33165075723111,65.20529112874168
18.341640757405692,67.66013676976007
18.351630757580267,69.35284445139777
18.36162075775485,71.00936820233038
18.371610757929425,73.75114403350456
18.381600758104,75.12094570278714
18.391590758278582,75.89813102809715
18.401580758453157,76.9782724526255
18.411570758627732,78.88177097002966
18.421560758802315,79.73481150782065
18.43155075897689,79.55105840055789
18.441540759151465,79.59566768010122
18.451530759326047,79.50785524448268
18.461520759500623,79.34712868254076
18.471510759675198,79.03275198350097
18.48150075984978,78.67744343085995
18.491490760024355,78.99286937710994
18.50148076019893,78.16576997468509
18.511470760373513,77.6645684709892
18.521460760548088,77.2673286450268
18.531450760722663,76.9917999324097
18.541440760897245,76.13172907855423
18.55143076107182,75.4978176514338
18.561420761246403,74.82583671899458
18.571410761420978,73.91185621244657
18.581400761595553,73.09192054981398
18.591390761770135,73.0339682393398
18.60138076194471,72.41190937816472
18.611370762119286,71.59980107789174
18.621360762293868,70.46241073795417
18.631350762468443,69.65021379099285
18.64134076264302,69.34042766748253
18.6513307628176,68.72126195662675
18.661320762992176,67.8968029903638
18.67131076316675,67.14753572407025
18.681300763341333,66.45240868338311
18.69129076351591,65.874500202576
18.701280763690484,65.75894526011264
18.711270763865066,65.05495495418295
18.72126076403964,64.12715858991155
18.731250764214224,63.6563852345803
18.7412407643888,63.53974550877119
18.751230764563374,63.23700529128259
18.761220764737956,62.872069771384965
18.77121076491253,62.67700391704205
18.781200765087107,62.389917934849876
18.79119076526169,62.44246199741768
18.801180765436264,62.41740356746312
18.81117076561084,62.24069379601327
18.82116076578542,62.215609408956865
18.831150765959997,62.043174092268735
18.841140766134572,61.83636577457433
18.851130766309154,61.75199014856848
18.86112076648373,62.182176192416634
18.871110766658305,61.23761598289744
18.881100766832887,60.85860552577633
18.891090767007462,59.720682911743836
18.901080767182037,58.59013850547255
18.91107076735662,56.745737291479024
18.921060767531195,54.94290686766305
18.931050767705777,53.33222744494139
18.941040767880352,51.58124797934811
18.951030768054927,50.138352946088936
18.96102076822951,48.94992020493227
18.971010768404085,47.9894342981348
18.98100076857866,47.72895944263655
18.990990768753242,47.12433640085292
19.000980768927818,46.97101118811543
19.010970769102393,46.724997133219325
19.020960769276975,46.476450274319966
19.03095076945155,46.23227481197425
19.040940769626125,46.1916587110055
19.050930769800708,46.113299595497
19.060920769975283,45.901348912945245
19.070910770149858,45.735738452046554
19.08090077032444,45.310656725964066
19.090890770499016,44.884186090243205
19.10088077067359,44.81147436129904
19.110870770848173,45.20405319844245
19.12086077102275,45.65656452125824
19.13085077119733,45.90891472371017
19.140840771371906,46.04338790693572
19.15083077154648,46.581216435114456
19.160820771721063,46.932613252825576
19.17081077189564,47.34961341221661
19.180800772070214,47.57039901105822
19.190790772244796,47.44141142008476
19.20078077241937,47.5049650233722
19.210770772593946,48.030235661486124
19.22076077276853,48.328710709568696
19.230750772943104,48.29360554140615
19.24074077311768,48.13802039491334
19.25073077329226,48.09539288180908
19.260720773466836,48.02322550620976
19.27071077364141,47.817994125623414
19.280700773815994,47.4816768429847
19.29069077399057,47.128895237973204
19.300680774165144,46.94633396460259
19.310670774339727,46.62345967129731
19.3206607745143,46.41249114599006
19.330650774688884,46.40701773481494
19.34064077486346,46.28818587728459
19.350630775038034,46.67374639914647
19.360620775212617,47.267158946676076
19.370610775387192,47.70279628796726
19.380600775561767,47.90657891081644
19.39059077573635,48.64925858681083
19.400580775910925,49.831616594990535
19.4105707760855,51.10397645251868
19.420560776260082,53.337310810143734
19.430550776434657,55.74474218489696
19.440540776609232,58.043779603530446
19.450530776783815,60.21594433669213
19.46052077695839,63.39065706408215
19.470510777132965,65.12541014220744
19.480500777307547,66.981932446856
19.490490777482123,69.80641066706481
19.500480777656698,71.41096884092585
19.51047077783128,72.97970618074893
19.520460778005855,74.56849601066175
19.530450778180438,75.69381835443771
19.540440778355013,76.1576717488643
19.550430778529588,76.18510744751464
19.56042077870417,76.47533398037261
19.570410778878745,76.68201182950826
19.58040077905332,76.537935194331
19.590390779227903,76.16329100829786
19.600380779402478,76.44818859820926
19.610370779577053,76.0675435908642
19.620360779751636,75.36356010052923
19.63035077992621,75.24597395942769
19.640340780100786,74.7756755492834
19.650330780275368,75.29462708895524
19.660320780449943,74.45369010209282
19.67031078062452,73.66505697618717
19.6803007807991,73.7099749682905
19.690290780973676,72.82344740368953
19.70028078114826,71.82645550056942
19.710270781322833,70.58790326938946
19.72026078149741,69.41501731867183
19.73025078167199,68.47131414578209
19.740240781846566,67.90871150220502
19.75023078202114,67.18335774068792
19.760220782195724,66.36652920292809
19.7702107823703,65.44814135187553
19.780200782544874,64.87992302520308
19.790190782719456,64.47088228524818
19.80018078289403,64.44056760546172
19.810170783068607,64.05593931040613
19.82016078324319,63.41361869453851
19.830150783417764,62.91075939335272
19.84014078359234,62.774562736704276
19.85013078376692,62.444746048138704
19.860120783941497,62.05326332105007
19.870110784116072,61.50563569653396
19.880100784290654,61.530804988392084
19.89009078446523,61.6807850111997
19.900080784639812,61.42635940247875
19.910070784814387,61.360663728501265
19.920060784988962,61.39427967963548
19.930050785163544,61.23000976183612
19.94004078533812,61.20124026005347
19.950030785512695,61.378526781749805
19.960020785687277,61.267508830339544
19.970010785861852,60.50382092254548
19.980000786036427,60.180747467778204
19.98999078621101,59.53786214026746
19.999980786385585,58.42042214063909
